,LEVEL3_NAM,LEVEL3_COD,Gallagher_country,ISO_code,COUNTRY
1,Alberta,ABT,Canada,CA,Canada
2,Afghanistan,AFG,Afghanistan,AF,Afghanistan
3,Argentina Northeast,AGE,Argentina,AR,Argentina
4,Argentina South,AGS,Argentina,AR,Argentina
5,Argentina Northwest,AGW,Argentina,AR,Argentina
6,Alabama,ALA,United States,US,United States of America
7,Albania,ALB,Albania,AL,Albania
8,Aldabra,ALD,Aldabra,SC,Seychelles
9,Algeria,ALG,Algeria,DZ,Algeria
10,Altay,ALT,Russia,RU,Russia
11,Aleutian Is.,ALU,United States,US,United States of America
12,Amur,AMU,Russia,RU,Russia
13,Andaman Is.,AND,Andaman Is.,IN,India
14,Angola,ANG,Angola,AO,Angola
15,Antarctica,ANT,Antarctica,AQ,Antarctica
16,Arizona,ARI,United States,US,United States of America
17,Arkansas,ARK,United States,US,United States of America
18,Aruba,ARU,Aruba,NL,Netherlands
19,Ascension,ASC,British Overseas Territories,GB,United Kingdom
20,Alaska,ASK,United States,US,United States of America
21,Amsterdam-St.Paul Is.,ASP,French Offshore Territories,FR,France
22,Assam,ASS,India,IN,India
23,Antipodean Is.,ATP,Antipodean Is.,NZ,New Zealand
24,Austria,AUT,Austria,AT,Austria
25,Azores,AZO,Azores,PT,Portugal
26,Bahamas,BAH,Bahamas,BS,The Bahamas
27,Baleares,BAL,Spain,ES,Spain
28,Bangladesh,BAN,Bangladesh,BD,Bangladesh
29,Benin,BEN,Benin,BJ,Benin
30,Bermuda,BER,British Overseas Territories,GB,United Kingdom
31,Belgium,BGM,Belgium,BE,Belgium
32,Bismarck Archipelago,BIS,Bismarck Archipelago,PG,Papua New Guinea
33,Burkina,BKN,Burkina,BF,Burkina Faso
34,Belarus,BLR,Belarus,BY,Belarus
35,Baltic States,BLT,Baltic States,LV,Latvia
36,Belize,BLZ,Belize,BZ,Belize
37,Bolivia,BOL,Bolivia,BO,Bolivia
38,Borneo,BOR,Borneo,ID,Indonesia
39,Botswana,BOT,Botswana,BW,Botswana
40,Bouvet I.,BOU,Bouvet I.,NO,Norway
41,British Columbia,BRC,Canada,CA,Canada
42,Buryatiya,BRY,Russia,RU,Russia
43,Bulgaria,BUL,Bulgaria,BG,Bulgaria
44,Burundi,BUR,Burundi,BI,Burundi
45,Brazil West-Central,BZC,Brazil,BR,Brazil
46,Brazil Northeast,BZE,Brazil,BR,Brazil
47,Brazil Southeast,BZL,Brazil,BR,Brazil
48,Brazil North,BZN,Brazil,BR,Brazil
49,Brazil South,BZS,Brazil,BR,Brazil
50,Cabinda,CAB,Angola,AO,Angola
51,Central African Republic,CAF,Central African Republic,CF,Central African Republic
52,California,CAL,United States,US,United States of America
53,Cayman Is.,CAY,British Overseas Territories,GB,United Kingdom
54,Cambodia,CBD,Cambodia,KH,Cambodia
55,Chagos Archipelago,CGS,British Overseas Territories,GB,United Kingdom
56,Chad,CHA,Chad,TD,Chad
57,China South-Central,CHC,China,CN,China
58,Hainan,CHH,China,CN,China
59,Inner Mongolia,CHI,China,CN,China
60,Manchuria,CHM,China,CN,China
61,China North-Central,CHN,China,CN,China
62,Qinghai,CHQ,China,CN,China
63,China Southeast,CHS,China,CN,China
64,Tibet,CHT,China,CN,China
65,Xinjiang,CHX,China,CN,China
66,Cocos (Keeling) I.,CKI,Cocos (Keeling) I.,AU,Australia
67,Chile Central,CLC,Chile,CL,Chile
68,Colombia,CLM,Colombia,CO,Colombia
69,Chile North,CLN,Chile,CL,Chile
70,Chile South,CLS,Chile,CL,Chile
71,Cameroon,CMN,Cameroon,CM,Cameroon
72,Connecticut,CNT,United States,US,United States of America
73,Canary Is.,CNY,Canary Is.,ES,Spain
74,Colorado,COL,United States,US,United States of America
75,Comoros,COM,Comoros,KM,Comoros
76,Congo,CON,Congo,CG,Republic of the Congo
77,Cook Is.,COO,Cook Is.,CK,Cook Islands
78,Corse,COR,French Offshore Territories,FR,France
79,Costa Rica,COS,Costa Rica,CR,Costa Rica
80,C. American Pacific Is.,CPI,C. American Pacific Is.,FR,France
81,Cape Provinces,CPP,South Africa,ZA,South Africa
82,Caprivi Strip,CPV,Namibia,NA,Namibia
83,Caroline Is.,CRL,Caroline Is.,FM,Federated States of Micronesia
84,Crozet Is.,CRZ,French Offshore Territories,FR,France
85,Chita,CTA,Russia,RU,Russia
86,Chatham Is.,CTM,Chatham Is.,NZ,New Zealand
87,Cuba,CUB,Cuba,CU,Cuba
88,Cape Verde,CVI,Cape Verde,CV,Cape Verde
89,Cyprus,CYP,Cyprus,CY,Cyprus
90,Czechoslovakia,CZE,Czechoslovakia,CZ,Czech Republic
91,Delaware,DEL,United States,US,United States of America
92,Denmark,DEN,Denmark,DK,Denmark
93,Djibouti,DJI,Djibouti,DJ,Djibouti
94,Dominican Republic,DOM,Dominican Republic,DO,Dominican Republic
95,Desventurados Is.,DSV,Desventurados Is.,CL,Chile
96,East Aegean Is.,EAI,Greece,GR,Greece
97,Easter Is.,EAS,Easter Is.,CL,Chile
98,Ecuador,ECU,Ecuador,EC,Ecuador
99,Egypt,EGY,Egypt,EG,Egypt
100,East Himalaya,EHM,East Himalaya,BT,Bhutan
101,El Salvador,ELS,El Salvador,SV,El Salvador
102,Equatorial Guinea,EQG,Equatorial Guinea,GQ,Equatorial Guinea
103,Eritrea,ERI,Eritrea,ER,Eritrea
104,Ethiopia,ETH,Ethiopia,ET,Ethiopia
105,Falkland Is.,FAL,British Overseas Territories,GB,United Kingdom
106,Fiji,FIJ,Fiji,FJ,Fiji
107,Finland,FIN,Finland,FI,Finland
108,Florida,FLA,United States,US,United States of America
109,Føroyar,FOR,Føroyar,DK,Denmark
110,France,FRA,France,FR,France
111,French Guiana,FRG,French Offshore Territories,FR,France
112,Gabon,GAB,Gabon,GA,Gabon
113,Galápagos,GAL,Galápagos,EC,Ecuador
114,"Gambia, The",GAM,"Gambia, The",GM,The Gambia
115,Georgia,GEO,United States,US,United States of America
116,Germany,GER,Germany,DE,Germany
117,Gulf of Guinea Is.,GGI,Gulf of Guinea Is.,ST,Sao Tome and Principe
118,Ghana,GHA,Ghana,GH,Ghana
119,Gilbert Is.,GIL,Gilbert Is.,KI,Kiribati
120,Guinea-Bissau,GNB,Guinea-Bissau,GW,Guinea-Bissau
121,Greenland,GNL,Greenland,DK,Denmark
122,Great Britain,GRB,Great Britain,GB,United Kingdom
123,Greece,GRC,Greece,GR,Greece
124,Gulf States,GST,Gulf States,AE,United Arab Emirates
125,Guatemala,GUA,Guatemala,GT,Guatemala
126,Guinea,GUI,Guinea,GN,Guinea
127,Guyana,GUY,Guyana,GY,Guyana
128,Haiti,HAI,Haiti,HT,Haiti
129,Hawaii,HAW,United States,US,United States of America
130,Howland-Baker Is.,HBI,Howland-Baker Is.,US,United States of America
131,Heard-McDonald Is.,HMD,Heard-McDonald Is.,AU,Australia
132,Honduras,HON,Honduras,HN,Honduras
133,Hungary,HUN,Hungary,HU,Hungary
134,Iceland,ICE,Iceland,IS,Iceland
135,Idaho,IDA,United States,US,United States of America
136,Illinois,ILL,United States,US,United States of America
137,India,IND,India,IN,India
138,Indiana,INI,United States,US,United States of America
139,Iowa,IOW,United States,US,United States of America
140,Ireland,IRE,Ireland,IE,Ireland
141,Irkutsk,IRK,Russia,RU,Russia
142,Iran,IRN,Iran,IR,Iran
143,Iraq,IRQ,Iraq,IQ,Iraq
144,Italy,ITA,Italy,IT,Italy
145,Ivory Coast,IVO,Ivory Coast,CI,Ivory Coast
146,Jamaica,JAM,Jamaica,JM,Jamaica
147,Japan,JAP,Japan,JP,Japan
148,Jawa,JAW,Jawa,ID,Indonesia
149,Juan Fernández Is.,JNF,Juan Fernández Is.,CL,Chile
150,Kamchatka,KAM,Russia,RU,Russia
151,Kansas,KAN,United States,US,United States of America
152,Kazakhstan,KAZ,Kazakhstan,KZ,Kazakhstan
153,Kerguelen,KEG,French Offshore Territories,FR,France
154,Kenya,KEN,Kenya,KE,Kenya
155,Kermadec Is.,KER,Kermadec Is.,NZ,New Zealand
156,Kirgizistan,KGZ,Kirgizistan,KG,Kyrgyzstan
157,Khabarovsk,KHA,Russia,RU,Russia
158,Korea,KOR,Korea,KP,North Korea
159,Krasnoyarsk,KRA,Russia,RU,Russia
160,Kriti,KRI,Greece,GR,Greece
161,Krym,KRY,Ukraine,UA,Ukraine
162,Kentucky,KTY,United States,US,United States of America
163,Kuril Is.,KUR,Russia,RU,Russia
164,Kuwait,KUW,Kuwait,KW,Kuwait
165,Kazan-retto,KZN,Kazan-retto,JP,Japan
166,Labrador,LAB,Canada,CA,Canada
167,Laos,LAO,Laos,LA,Laos
168,Liberia,LBR,Liberia,LR,Liberia
169,Lebanon-Syria,LBS,Lebanon-Syria,SY,Syria
170,Libya,LBY,Libya,LY,Libya
171,Laccadive Is.,LDV,Laccadive Is.,IN,India
172,Leeward Is. AB Ant,LEE,Leeward Is. AB Ant,US,United States of America
173,Lesotho,LES,Lesotho,LS,Lesotho
174,Line Is.,LIN,Line Is.,KI,Kiribati
175,Louisiana,LOU,United States,US,United States of America
176,Lesser Sunda Is.,LSI,Lesser Sunda Is.,ID,Indonesia
177,Magadan,MAG,Russia,RU,Russia
178,Maine,MAI,United States,US,United States of America
179,Manitoba,MAN,Canada,CA,Canada
180,Macquarie Is.,MAQ,Macquarie Is.,AU,Australia
181,Massachusetts,MAS,United States,US,United States of America
182,Mauritius,MAU,Mauritius,MU,Mauritius
183,Mozambique Channel Is.,MCI,French Offshore Territories,FR,France
184,Marcus I.,MCS,Marcus I.,JP,Japan
185,Madagascar,MDG,Madagascar,MG,Madagascar
186,Madeira,MDR,Madeira,PT,Portugal
187,Maldives,MDV,Maldives,MV,Maldives
188,Michigan,MIC,United States,US,United States of America
189,Minnesota,MIN,United States,US,United States of America
190,Mali,MLI,Mali,ML,Mali
191,Malawi,MLW,Malawi,MW,Malawi
192,Malaya,MLY,Malaya,MY,Malaysia
193,Montana,MNT,United States,US,United States of America
194,Maluku,MOL,Maluku,ID,Indonesia
195,Mongolia,MON,Mongolia,MN,Mongolia
196,Morocco,MOR,Morocco,MA,Morocco
197,Mozambique,MOZ,Mozambique,MZ,Mozambique
198,Marion-Prince Edward Is.,MPE,Marion-Prince Edward Is.,ZA,South Africa
199,Marianas,MRN,Marianas,US,United States of America
200,Marquesas,MRQ,French Offshore Territories,FR,France
201,Marshall Is.,MRS,Marshall Is.,MH,Marshall Islands
202,Maryland,MRY,United States,US,United States of America
203,Mississippi,MSI,United States,US,United States of America
204,Missouri,MSO,United States,US,United States of America
205,Mauritania,MTN,Mauritania,MR,Mauritania
206,Mexico Central,MXC,Mexico,MX,Mexico
207,Mexico Northeast,MXE,Mexico,MX,Mexico
208,Mexico Gulf,MXG,Mexico,MX,Mexico
209,Mexican Pacific Is.,MXI,Mexico,MX,Mexico
210,Mexico Northwest,MXN,Mexico,MX,Mexico
211,Mexico Southwest,MXS,Mexico,MX,Mexico
212,Mexico Southeast,MXT,Mexico,MX,Mexico
213,Myanmar,MYA,Myanmar,MM,Burma/Myanmar
214,Namibia,NAM,Namibia,NA,Namibia
215,KwaZulu-Natal,NAT,South Africa,ZA,South Africa
216,New Brunswick,NBR,Canada,CA,Canada
217,North Carolina,NCA,United States,US,United States of America
218,Nicobar Is.,NCB,Nicobar Is.,IN,India
219,North Caucasus,NCS,Russia,RU,Russia
220,North Dakota,NDA,United States,US,United States of America
221,Nebraska,NEB,United States,US,United States of America
222,Nepal,NEP,Nepal,NP,Nepal
223,Netherlands,NET,Netherlands,NL,Netherlands
224,Nevada,NEV,United States,US,United States of America
225,Norfolk Is.,NFK,Norfolk Is.,AU,Australia
226,Newfoundland,NFL,Canada,CA,Canada
227,Nigeria,NGA,Nigeria,NG,Nigeria
228,Niger,NGR,Niger,NE,Niger
229,Nicaragua,NIC,Nicaragua,NI,Nicaragua
230,Netherlands Antilles,NLA,Netherlands Antilles,NL,Netherlands
231,Nansei-shoto,NNS,Japan,JP,Japan
232,Norway,NOR,Norway,NO,Norway
233,Nauru,NRU,Nauru,NR,Nauru
234,Nova Scotia,NSC,Canada,CA,Canada
235,New South Wales,NSW,Australia,AU,Australia
236,Northern Territory,NTA,Australia,AU,Australia
237,Niue,NUE,Niue,NU,Niue
238,Nunavut,NUN,Canada,CA,Canada
239,New Caledonia,NWC,New Caledonia,FR,France
240,New Guinea,NWG,New Guinea,PG,Papua New Guinea
241,New Hampshire,NWH,United States,US,United States of America
242,New Jersey,NWJ,United States,US,United States of America
243,New Mexico,NWM,United States,US,United States of America
244,Northwest Territories,NWT,Canada,CA,Canada
245,New York,NWY,United States,US,United States of America
246,New Zealand North,NZN,New Zealand,NZ,New Zealand
247,New Zealand South,NZS,New Zealand,NZ,New Zealand
248,Free State,OFS,South Africa,ZA,South Africa
249,Ogasawara-shoto,OGA,Japan,JP,Japan
250,Ohio,OHI,United States,US,United States of America
251,Oklahoma,OKL,United States,US,United States of America
252,Oman,OMA,Oman,OM,Oman
253,Ontario,ONT,Canada,CA,Canada
254,Oregon,ORE,United States,US,United States of America
255,Pakistan,PAK,Pakistan,PK,Pakistan
256,Palestine,PAL,Palestine,JO,Jordan
257,Panama,PAN,Panama,PA,Panama
258,Paraguay,PAR,Paraguay,PY,Paraguay
259,Prince Edward I.,PEI,Prince Edward I.,ZA,South Africa
260,Pennsylvania,PEN,United States,US,United States of America
261,Peru,PER,Peru,PE,Peru
262,Philippines,PHI,Philippines,PH,Philippines
263,Phoenix Is.,PHX,Phoenix Is.,KI,Kiribati
264,Pitcairn Is.,PIT,British Overseas Territories,GB,United Kingdom
265,Poland,POL,Poland,PL,Poland
266,Portugal,POR,Portugal,PT,Portugal
267,Primorye,PRM,Russia,RU,Russia
268,Puerto Rico,PUE,Puerto Rico,US,United States of America
269,Queensland,QLD,Australia,AU,Australia
270,Québec,QUE,Canada,CA,Canada
271,Réunion,REU,French Offshore Territories,FR,France
272,Rhode I.,RHO,United States,US,United States of America
273,Rodrigues,ROD,Rodrigues,MU,Mauritius
274,Romania,ROM,Romania,RO,Romania
275,Central European Russia,RUC,Russia,RU,Russia
276,East European Russia,RUE,Russia,RU,Russia
277,North European Russia,RUN,Russia,RU,Russia
278,South European Russia,RUS,Russia,RU,Russia
279,Northwest European Russia,RUW,Russia,RU,Russia
280,Rwanda,RWA,Rwanda,RW,Rwanda
281,Sakhalin,SAK,Russia,RU,Russia
282,Samoa,SAM,Samoa,WS,Samoa
283,Sardegna,SAR,Italy,IT,Italy
284,Saskatchewan,SAS,Canada,CA,Canada
285,Saudi Arabia,SAU,Saudi Arabia,SA,Saudi Arabia
286,South Carolina,SCA,United States,US,United States of America
287,Society Is.,SCI,French Offshore Territories,FR,France
288,South China Sea,SCS,South China Sea,VN,Vietnam
289,Santa Cruz Is.,SCZ,Santa Cruz Is.,SB,Solomon Islands
290,South Dakota,SDA,United States,US,United States of America
291,Selvagens,SEL,Selvagens,PT,Portugal
292,Senegal,SEN,Senegal,SN,Senegal
293,Seychelles,SEY,Seychelles,SC,Seychelles
294,South Georgia,SGE,British Overseas Territories,GB,United Kingdom
295,Sicilia,SIC,Italy,IT,Italy
296,Sierra Leone,SIE,Sierra Leone,SL,Sierra Leone
297,Sinai,SIN,Egypt,EG,Egypt
298,South Australia,SOA,Australia,AU,Australia
299,Socotra,SOC,Socotra,YE,Yemen
300,Solomon Is.,SOL,Solomon Is.,SB,Solomon Islands
301,Somalia,SOM,Somalia,SO,Somalia
302,Spain,SPA,Spain,ES,Spain
303,Sri Lanka,SRL,Sri Lanka,LK,Sri Lanka
304,South Sandwich Is.,SSA,British Overseas Territories,GB,United Kingdom
305,St.Helena,STH,British Overseas Territories,GB,United Kingdom
306,Sudan,SUD,Sudan,SD,Sudan
307,Sulawesi,SUL,Sulawesi,ID,Indonesia
308,Sumatera,SUM,Sumatera,ID,Indonesia
309,Surinam,SUR,Surinam,SR,Suriname
310,Svalbard,SVA,Norway,NO,Norway
311,Southwest Caribbean,SWC,Southwest Caribbean,CO,Colombia
312,Sweden,SWE,Sweden,SE,Sweden
313,Switzerland,SWI,Switzerland,CH,Switzerland
314,Swaziland,SWZ,Swaziland,SZ,Swaziland
315,Taiwan,TAI,Taiwan,TW,Taiwan
316,Tanzania,TAN,Tanzania,TZ,Tanzania
317,Tasmania,TAS,Australia,AU,Australia
318,Turks-Caicos Is.,TCI,British Overseas Territories,GB,United Kingdom
319,Transcaucasus,TCS,Transcaucasus,GE,Georgia
320,Tristan da Cunha,TDC,British Overseas Territories,GB,United Kingdom
321,Tennessee,TEN,United States,US,United States of America
322,Texas,TEX,United States,US,United States of America
323,Thailand,THA,Thailand,TH,Thailand
324,Turkmenistan,TKM,Turkmenistan,TM,Turkmenistan
325,Togo,TOG,Togo,TG,Togo
326,Tokelau-Manihiki,TOK,Tokelau-Manihiki,NZ,New Zealand
327,Tonga,TON,Tonga,TO,Tonga
328,Trinidad-Tobago,TRT,Trinidad-Tobago,TT,Trinidad and Tobago
329,Tuamotu,TUA,French Offshore Territories,FR,France
330,Tubuai Is.,TUB,Tubuai Is.,PF,French Polynesia
331,Turkey-in-Europe,TUE,Turkey,TR,Turkey
332,Tunisia,TUN,Tunisia,TN,Tunisia
333,Turkey,TUR,Turkey,TR,Turkey
334,Tuvalu,TUV,Tuvalu,TV,Tuvalu
335,Tuva,TVA,Russia,RU,Russia
336,Northern Provinces,TVL,South Africa,ZA,South Africa
337,Tadzhikistan,TZK,Tadzhikistan,TJ,Tajikistan
338,Uganda,UGA,Uganda,UG,Uganda
339,Ukraine,UKR,Ukraine,UA,Ukraine
340,Uruguay,URU,Uruguay,UY,Uruguay
341,Utah,UTA,United States,US,United States of America
342,Uzbekistan,UZB,Uzbekistan,UZ,Uzbekistan
343,Vanuatu,VAN,Vanuatu,VU,Vanuatu
344,Venezuela,VEN,Venezuela,VE,Venezuela
345,Vermont,VER,United States,US,United States of America
346,Victoria,VIC,Australia,AU,Australia
347,Vietnam,VIE,Vietnam,VN,Vietnam
348,Venezuelan Antilles,VNA,Venezuelan Antilles,VE,Venezuela
349,Virginia,VRG,United States,US,United States of America
350,Wake I.,WAK,Wake I.,US,United States of America
351,Wallis-Futuna Is.,WAL,Wallis-Futuna Is.,FR,France
352,Washington,WAS,United States,US,United States of America
353,Western Australia,WAU,Australia,AU,Australia
354,District of Columbia,WDC,United States,US,United States of America
355,West Himalaya,WHM,India,IN,India
356,Windward Is.,WIN,Windward Is.,FR,France
357,Wisconsin,WIS,United States,US,United States of America
358,Western Sahara,WSA,Morocco,MA,Morocco
359,West Siberia,WSB,Russia,RU,Russia
360,West Virginia,WVA,United States,US,United States of America
361,Wyoming,WYO,United States,US,United States of America
362,Christmas I.,XMS,Christmas I.,AU,Australia
363,Yakutskiya,YAK,Russia,RU,Russia
364,Yemen,YEM,Yemen,YE,Yemen
365,Yugoslavia,YUG,Yugoslavia,BA,Bosnia and Herzegovina
366,Yukon,YUK,Canada,CA,Canada
367,Zaïre,ZAI,Zaïre,CD,Democratic Republic of the Congo
368,Zambia,ZAM,Zambia,ZM,Zambia
369,Zimbabwe,ZIM,Zimbabwe,ZW,Zimbabwe
